uid,user_role,name_first,name_last,email,phone,region,created_at,realm_id
1,consectetuer,Carol-jean,Girdwood,cgirdwood0@sogou.com,+48 (109) 562-3139,Poland,3/10/2024,3
2,tincidunt,Hestia,Kolushev,hkolushev1@com.com,+30 (105) 654-1383,Greece,4/19/2023,3
3,pellentesque,Sheryl,Slowgrave,sslowgrave2@mapy.cz,+62 (225) 723-3767,Indonesia,7/27/2023,3
4,dui,Gertruda,Seeborne,gseeborne3@illinois.edu,+967 (975) 400-2722,Yemen,12/26/2023,1
5,posuere,Evvy,Cogdon,ecogdon4@admin.ch,+970 (563) 827-8171,Palestinian Territory,4/30/2023,1
6,dapibus,Emelyne,Seniour,eseniour5@edublogs.org,+351 (614) 610-6337,Portugal,6/13/2023,1
7,vestibulum,Berte,Mummery,bmummery6@china.com.cn,+7 (791) 270-5306,Russia,9/7/2023,3
8,faucibus,Sallie,Goane,sgoane7@chronoengine.com,+46 (408) 799-4087,Sweden,8/31/2023,2
9,ipsum,Elaine,Skim,eskim8@mashable.com,+48 (952) 261-9413,Poland,4/14/2023,2
10,eget,Wendie,Deesly,wdeesly9@nifty.com,+55 (574) 578-2179,Brazil,1/13/2024,3
11,nascetur,Andie,Torbard,atorbarda@linkedin.com,+7 (765) 198-4055,Russia,8/29/2023,3
12,ut,Sherwin,Lindfors,slindforsb@discovery.com,+58 (984) 131-6834,Venezuela,1/12/2024,2
13,vitae,Finn,O'Cassidy,focassidyc@deviantart.com,+54 (478) 619-5215,Argentina,8/17/2023,1
14,ultrices,Kyrstin,Halsho,khalshod@google.cn,+967 (835) 643-6109,Yemen,11/11/2023,3
15,sit,Jsandye,Pepler,jpeplere@theglobeandmail.com,+81 (741) 607-6975,Japan,8/17/2023,3
16,proin,Berkley,Bogeys,bbogeysf@51.la,+62 (819) 289-1875,Indonesia,3/15/2023,3
17,pede,Flossie,Questier,fquestierg@unblog.fr,+47 (313) 765-9917,Norway,10/4/2023,2
18,nulla,Kaycee,Ravilus,kravilush@alexa.com,+46 (303) 445-4716,Sweden,6/13/2023,2
19,ridiculus,Gaston,Alf,galfi@networkadvertising.org,+380 (909) 552-7079,Ukraine,9/21/2023,1
20,ultrices,Shari,Otridge,sotridgej@aboutads.info,+81 (609) 928-2375,Japan,12/29/2023,2
21,sodales,Lindsey,Klimas,lklimask@nationalgeographic.com,+1 (585) 386-7543,United States,3/5/2024,2
22,potenti,Kass,Wales,kwalesl@t-online.de,+261 (791) 601-7174,Madagascar,2/22/2024,3
23,non,Charo,Braksper,cbraksperm@cisco.com,+355 (783) 300-5884,Albania,7/27/2023,3
24,feugiat,Allyson,Littlewood,alittlewoodn@mysql.com,+7 (151) 320-2344,Russia,6/10/2023,1
25,enim,Hy,Suller,hsullero@wp.com,+62 (481) 610-1051,Indonesia,12/3/2023,1
26,ut,Ardelle,Hatherell,ahatherellp@smugmug.com,+355 (453) 790-5040,Albania,6/29/2023,1
27,accumsan,Darin,Balderstone,dbalderstoneq@g.co,+62 (774) 764-6713,Indonesia,7/5/2023,3
28,nunc,Teirtza,Kachel,tkachelr@diigo.com,+7 (855) 263-3672,Russia,6/25/2023,3
29,vestibulum,Horace,Andreotti,handreottis@va.gov,+63 (964) 978-6408,Philippines,1/8/2024,3
30,tincidunt,Crista,Wadwell,cwadwellt@salon.com,+420 (354) 924-7624,Czech Republic,9/28/2023,3
31,id,Lorettalorna,Brandenburg,lbrandenburgu@1688.com,+686 (677) 504-6151,Kiribati,2/3/2024,1
32,ultrices,Kerrin,Garment,kgarmentv@discovery.com,+33 (411) 199-7385,France,4/29/2023,3
33,nunc,Elysee,Mattiazzi,emattiazziw@mozilla.com,+48 (568) 237-1489,Poland,8/3/2023,3
34,ultrices,Chris,Lomasney,clomasneyx@dion.ne.jp,+48 (419) 204-7336,Poland,9/20/2023,2
35,fermentum,Elmira,Abbett,eabbetty@samsung.com,+353 (266) 555-4587,Ireland,1/10/2024,2
36,mauris,Murry,Boake,mboakez@woothemes.com,+1 (520) 314-1206,United States,12/11/2023,3
37,magna,Filip,Neillans,fneillans10@blog.com,+385 (734) 708-6668,Croatia,6/26/2023,2
38,sociis,Holt,Godwin,hgodwin11@smh.com.au,+33 (311) 782-5832,France,3/21/2023,2
39,potenti,Thornton,Blaisdell,tblaisdell12@sogou.com,+81 (856) 890-9206,Japan,11/15/2023,2
40,libero,Maximilianus,Von Brook,mvonbrook13@cnet.com,+62 (960) 745-0214,Indonesia,12/18/2023,3
41,nulla,Cary,Catley,ccatley14@networksolutions.com,+98 (968) 333-4789,Iran,10/4/2023,2
42,lectus,Elspeth,Devon,edevon15@mit.edu,+86 (884) 944-2849,China,7/9/2023,3
43,quam,Willamina,Bernakiewicz,wbernakiewicz16@ucoz.ru,+212 (658) 904-8211,Morocco,2/18/2024,3
44,erat,Shir,Guest,sguest17@geocities.com,+60 (904) 995-0442,Malaysia,2/10/2024,1
45,amet,Amaleta,Farley,afarley18@indiegogo.com,+86 (643) 375-4675,China,1/28/2024,3
46,in,Lee,Stansby,lstansby19@google.es,+420 (961) 543-4788,Czech Republic,12/14/2023,2
47,porta,Kailey,Probert,kprobert1a@state.tx.us,+353 (410) 159-3268,Ireland,12/22/2023,3
48,lacinia,Randie,Wildblood,rwildblood1b@japanpost.jp,+48 (444) 403-2314,Poland,3/14/2023,2
49,erat,Daryl,Joder,djoder1c@gizmodo.com,+48 (967) 433-0931,Poland,12/5/2023,1
50,ac,Ronalda,Benkin,rbenkin1d@omniture.com,+56 (503) 520-8225,Chile,8/14/2023,3
51,eu,Alana,Lechmere,alechmere1e@yelp.com,+232 (970) 350-6516,Sierra Leone,2/7/2024,1
52,vestibulum,Jerome,Castellaccio,jcastellaccio1f@indiegogo.com,+1 (188) 928-3985,Canada,8/18/2023,3
53,diam,Bren,Rawes,brawes1g@ihg.com,+86 (575) 598-1050,China,3/1/2024,3
54,ultrices,Lawry,Streader,lstreader1h@usda.gov,+62 (626) 781-6373,Indonesia,12/13/2023,1
55,urna,Alfonse,Semble,asemble1i@mtv.com,+46 (408) 845-5127,Sweden,3/8/2024,2
56,maecenas,Karlee,Targett,ktargett1j@indiegogo.com,+1 (413) 654-1737,Canada,7/26/2023,2
57,ut,Axe,McInnerny,amcinnerny1k@noaa.gov,+48 (495) 156-4651,Poland,11/26/2023,3
58,nulla,Jacquenetta,Raison,jraison1l@unc.edu,+54 (953) 137-4528,Argentina,4/2/2023,3
59,nam,Dasha,Addy,daddy1m@myspace.com,+86 (508) 465-8159,China,2/24/2024,2
60,tortor,Kathye,Mell,kmell1n@bluehost.com,+86 (120) 258-6787,China,1/23/2024,3
61,nulla,Chevy,Whyley,cwhyley1o@tumblr.com,+595 (881) 192-2947,Paraguay,7/30/2023,2
62,dolor,Bethina,Bilovus,bbilovus1p@apache.org,+48 (883) 907-6038,Poland,1/29/2024,1
63,at,Margret,Capstick,mcapstick1q@xing.com,+7 (820) 591-0739,Russia,3/24/2023,1
64,primis,Cristobal,Winslow,cwinslow1r@i2i.jp,+962 (515) 383-0184,Jordan,6/15/2023,3
65,morbi,Denise,O' Donohoe,dodonohoe1s@bbb.org,+63 (250) 825-2616,Philippines,1/3/2024,3
66,primis,Jan,Kagan,jkagan1t@xrea.com,+84 (702) 967-7000,Vietnam,6/22/2023,3
67,sed,Mathilde,Doby,mdoby1u@newsvine.com,+7 (966) 427-2974,Russia,5/14/2023,3
68,maecenas,Agnella,Gravener,agravener1v@cisco.com,+63 (301) 151-9696,Philippines,6/16/2023,2
69,non,Monah,Baughn,mbaughn1w@theglobeandmail.com,+48 (886) 307-3230,Poland,6/14/2023,3
70,molestie,Fredericka,Cherrett,fcherrett1x@businessinsider.com,+62 (466) 197-8318,Indonesia,9/13/2023,3
71,pretium,Paolina,Knaggs,pknaggs1y@sourceforge.net,+7 (973) 148-4406,Russia,6/23/2023,3
72,diam,Max,Parzis,mparzis1z@dyndns.org,+7 (483) 290-7210,Russia,6/22/2023,2
73,pharetra,Silas,Youson,syouson20@arstechnica.com,+53 (828) 633-0238,Cuba,7/27/2023,2
74,augue,Anastassia,Swansborough,aswansborough21@hao123.com,+7 (706) 310-1605,Russia,8/18/2023,1
75,nulla,Sven,Oakeby,soakeby22@springer.com,+251 (548) 365-1052,Ethiopia,7/24/2023,3
76,maecenas,Gayel,Sliman,gsliman23@spotify.com,+86 (695) 939-4412,China,12/30/2023,2
77,nibh,Vinny,Cowlard,vcowlard24@360.cn,+389 (507) 909-3984,Macedonia,10/4/2023,3
78,turpis,Kenyon,Tibalt,ktibalt25@amazon.co.uk,+46 (901) 714-7039,Sweden,4/4/2023,3
79,felis,Roseanna,Lamkin,rlamkin26@hibu.com,+31 (324) 359-8933,Netherlands,8/29/2023,3
80,pede,Vinny,Magauran,vmagauran27@unblog.fr,+86 (394) 245-8034,China,3/10/2024,3
81,interdum,Ashlen,Eglese,aeglese28@wunderground.com,+1 (416) 512-8219,Canada,12/11/2023,3
82,luctus,Pattin,Renahan,prenahan29@yahoo.com,+385 (313) 748-8633,Croatia,1/9/2024,3
83,odio,Ammamaria,Lees,alees2a@yellowbook.com,+994 (363) 221-0481,Azerbaijan,1/6/2024,2
84,fusce,Roman,Soldner,rsoldner2b@de.vu,+55 (869) 750-6892,Brazil,3/11/2024,2
85,aliquet,Eartha,Kilius,ekilius2c@wikia.com,+86 (689) 815-8957,China,4/22/2023,2
86,sapien,Ina,Gurys,igurys2d@printfriendly.com,+86 (888) 772-5548,China,12/26/2023,3
87,luctus,Man,Beller,mbeller2e@tuttocitta.it,+48 (293) 741-2414,Poland,8/6/2023,2
88,elit,Sim,Ivory,sivory2f@yandex.ru,+81 (947) 231-6691,Japan,8/26/2023,3
89,vel,Worthington,Kingscote,wkingscote2g@live.com,+7 (566) 700-9289,Russia,3/6/2024,1
90,ipsum,Vivienne,Sandeford,vsandeford2h@google.nl,+387 (268) 194-9696,Bosnia and Herzegovina,9/7/2023,2
91,nunc,Tynan,Clipston,tclipston2i@vinaora.com,+380 (559) 961-6913,Ukraine,7/8/2023,3
92,primis,Maggy,Bread,mbread2j@google.it,+63 (222) 291-8772,Philippines,6/26/2023,3
93,augue,Regina,Burnsell,rburnsell2k@ow.ly,+86 (819) 288-7490,China,10/21/2023,1
94,a,Idell,Klus,iklus2l@tripadvisor.com,+63 (600) 904-5028,Philippines,2/26/2024,3
95,imperdiet,Audrey,Schirach,aschirach2m@godaddy.com,+385 (696) 838-9340,Croatia,12/7/2023,1
96,aliquam,Vachel,Muris,vmuris2n@ted.com,+66 (350) 153-1287,Thailand,5/19/2023,1
97,magna,Chaddy,Moult,cmoult2o@uol.com.br,+66 (472) 564-8214,Thailand,3/12/2023,3
98,morbi,Cortie,Salerno,csalerno2p@nationalgeographic.com,+86 (655) 412-7354,China,2/16/2024,3
99,iaculis,Gwendolyn,Gilfillan,ggilfillan2q@blog.com,+977 (133) 496-4398,Nepal,1/27/2024,1
100,nulla,Jill,Muir,jmuir2r@multiply.com,+66 (739) 248-4123,Thailand,7/22/2023,2
